population,annual_ceiling,uptake,redemption,service,admin,optional_help,infrastructure,devices,evaluation,projects,total,base_maximum,one_off,description
18000000,600,0.25,0.5,1350000000.000,67500000.00000,90000000.000,500000000,100000000,100000000,250000000,2457500000.00000,10800000000,100000000,Illustrative annual AI package; excludes time reform and retained BAU expenditure
18000000,600,0.25,0.75,2025000000.0000,101250000.000000,90000000.000,500000000,100000000,100000000,250000000,3166250000.000000,10800000000,100000000,Illustrative annual AI package; excludes time reform and retained BAU expenditure
18000000,600,0.25,1.0,2700000000.000,135000000.00000,90000000.000,500000000,100000000,100000000,250000000,3875000000.00000,10800000000,100000000,Illustrative annual AI package; excludes time reform and retained BAU expenditure
18000000,600,0.5,0.5,2700000000.00,135000000.0000,180000000.00,500000000,100000000,100000000,250000000,3965000000.0000,10800000000,100000000,Illustrative annual AI package; excludes time reform and retained BAU expenditure
18000000,600,0.5,0.75,4050000000.000,202500000.00000,180000000.00,500000000,100000000,100000000,250000000,5382500000.00000,10800000000,100000000,Illustrative annual AI package; excludes time reform and retained BAU expenditure
18000000,600,0.5,1.0,5400000000.00,270000000.0000,180000000.00,500000000,100000000,100000000,250000000,6800000000.0000,10800000000,100000000,Illustrative annual AI package; excludes time reform and retained BAU expenditure
18000000,600,0.75,0.5,4050000000.000,202500000.00000,270000000.000,500000000,100000000,100000000,250000000,5472500000.00000,10800000000,100000000,Illustrative annual AI package; excludes time reform and retained BAU expenditure
18000000,600,0.75,0.75,6075000000.0000,303750000.000000,270000000.000,500000000,100000000,100000000,250000000,7598750000.000000,10800000000,100000000,Illustrative annual AI package; excludes time reform and retained BAU expenditure
18000000,600,0.75,1.0,8100000000.000,405000000.00000,270000000.000,500000000,100000000,100000000,250000000,9725000000.00000,10800000000,100000000,Illustrative annual AI package; excludes time reform and retained BAU expenditure
18000000,600,1,1,10800000000,540000000.00,360000000.0,500000000,100000000,100000000,250000000,12650000000.00,10800000000,100000000,Illustrative annual AI package; excludes time reform and retained BAU expenditure
18000000,1200,0.25,0.5,2700000000.000,135000000.00000,90000000.000,500000000,100000000,100000000,250000000,3875000000.00000,21600000000,100000000,Illustrative annual AI package; excludes time reform and retained BAU expenditure
18000000,1200,0.25,0.75,4050000000.0000,202500000.000000,90000000.000,500000000,100000000,100000000,250000000,5292500000.000000,21600000000,100000000,Illustrative annual AI package; excludes time reform and retained BAU expenditure
18000000,1200,0.25,1.0,5400000000.000,270000000.00000,90000000.000,500000000,100000000,100000000,250000000,6710000000.00000,21600000000,100000000,Illustrative annual AI package; excludes time reform and retained BAU expenditure
18000000,1200,0.5,0.5,5400000000.00,270000000.0000,180000000.00,500000000,100000000,100000000,250000000,6800000000.0000,21600000000,100000000,Illustrative annual AI package; excludes time reform and retained BAU expenditure
18000000,1200,0.5,0.75,8100000000.000,405000000.00000,180000000.00,500000000,100000000,100000000,250000000,9635000000.00000,21600000000,100000000,Illustrative annual AI package; excludes time reform and retained BAU expenditure
18000000,1200,0.5,1.0,10800000000.00,540000000.0000,180000000.00,500000000,100000000,100000000,250000000,12470000000.0000,21600000000,100000000,Illustrative annual AI package; excludes time reform and retained BAU expenditure
18000000,1200,0.75,0.5,8100000000.000,405000000.00000,270000000.000,500000000,100000000,100000000,250000000,9725000000.00000,21600000000,100000000,Illustrative annual AI package; excludes time reform and retained BAU expenditure
18000000,1200,0.75,0.75,12150000000.0000,607500000.000000,270000000.000,500000000,100000000,100000000,250000000,13977500000.000000,21600000000,100000000,Illustrative annual AI package; excludes time reform and retained BAU expenditure
18000000,1200,0.75,1.0,16200000000.000,810000000.00000,270000000.000,500000000,100000000,100000000,250000000,18230000000.00000,21600000000,100000000,Illustrative annual AI package; excludes time reform and retained BAU expenditure
18000000,1200,1,1,21600000000,1080000000.00,360000000.0,500000000,100000000,100000000,250000000,23990000000.00,21600000000,100000000,Illustrative annual AI package; excludes time reform and retained BAU expenditure
18000000,2400,0.25,0.5,5400000000.000,270000000.00000,90000000.000,500000000,100000000,100000000,250000000,6710000000.00000,43200000000,100000000,Illustrative annual AI package; excludes time reform and retained BAU expenditure
18000000,2400,0.25,0.75,8100000000.0000,405000000.000000,90000000.000,500000000,100000000,100000000,250000000,9545000000.000000,43200000000,100000000,Illustrative annual AI package; excludes time reform and retained BAU expenditure
18000000,2400,0.25,1.0,10800000000.000,540000000.00000,90000000.000,500000000,100000000,100000000,250000000,12380000000.00000,43200000000,100000000,Illustrative annual AI package; excludes time reform and retained BAU expenditure
18000000,2400,0.5,0.5,10800000000.00,540000000.0000,180000000.00,500000000,100000000,100000000,250000000,12470000000.0000,43200000000,100000000,Illustrative annual AI package; excludes time reform and retained BAU expenditure
18000000,2400,0.5,0.75,16200000000.000,810000000.00000,180000000.00,500000000,100000000,100000000,250000000,18140000000.00000,43200000000,100000000,Illustrative annual AI package; excludes time reform and retained BAU expenditure
18000000,2400,0.5,1.0,21600000000.00,1080000000.0000,180000000.00,500000000,100000000,100000000,250000000,23810000000.0000,43200000000,100000000,Illustrative annual AI package; excludes time reform and retained BAU expenditure
18000000,2400,0.75,0.5,16200000000.000,810000000.00000,270000000.000,500000000,100000000,100000000,250000000,18230000000.00000,43200000000,100000000,Illustrative annual AI package; excludes time reform and retained BAU expenditure
18000000,2400,0.75,0.75,24300000000.0000,1215000000.000000,270000000.000,500000000,100000000,100000000,250000000,26735000000.000000,43200000000,100000000,Illustrative annual AI package; excludes time reform and retained BAU expenditure
18000000,2400,0.75,1.0,32400000000.000,1620000000.00000,270000000.000,500000000,100000000,100000000,250000000,35240000000.00000,43200000000,100000000,Illustrative annual AI package; excludes time reform and retained BAU expenditure
18000000,2400,1,1,43200000000,2160000000.00,360000000.0,500000000,100000000,100000000,250000000,46670000000.00,43200000000,100000000,Illustrative annual AI package; excludes time reform and retained BAU expenditure
20000000,600,0.25,0.5,1500000000.000,75000000.00000,100000000.000,500000000,100000000,100000000,250000000,2625000000.00000,12000000000,100000000,Illustrative annual AI package; excludes time reform and retained BAU expenditure
20000000,600,0.25,0.75,2250000000.0000,112500000.000000,100000000.000,500000000,100000000,100000000,250000000,3412500000.000000,12000000000,100000000,Illustrative annual AI package; excludes time reform and retained BAU expenditure
20000000,600,0.25,1.0,3000000000.000,150000000.00000,100000000.000,500000000,100000000,100000000,250000000,4200000000.00000,12000000000,100000000,Illustrative annual AI package; excludes time reform and retained BAU expenditure
20000000,600,0.5,0.5,3000000000.00,150000000.0000,200000000.00,500000000,100000000,100000000,250000000,4300000000.0000,12000000000,100000000,Illustrative annual AI package; excludes time reform and retained BAU expenditure
20000000,600,0.5,0.75,4500000000.000,225000000.00000,200000000.00,500000000,100000000,100000000,250000000,5875000000.00000,12000000000,100000000,Illustrative annual AI package; excludes time reform and retained BAU expenditure
20000000,600,0.5,1.0,6000000000.00,300000000.0000,200000000.00,500000000,100000000,100000000,250000000,7450000000.0000,12000000000,100000000,Illustrative annual AI package; excludes time reform and retained BAU expenditure
20000000,600,0.75,0.5,4500000000.000,225000000.00000,300000000.000,500000000,100000000,100000000,250000000,5975000000.00000,12000000000,100000000,Illustrative annual AI package; excludes time reform and retained BAU expenditure
20000000,600,0.75,0.75,6750000000.0000,337500000.000000,300000000.000,500000000,100000000,100000000,250000000,8337500000.000000,12000000000,100000000,Illustrative annual AI package; excludes time reform and retained BAU expenditure
20000000,600,0.75,1.0,9000000000.000,450000000.00000,300000000.000,500000000,100000000,100000000,250000000,10700000000.00000,12000000000,100000000,Illustrative annual AI package; excludes time reform and retained BAU expenditure
20000000,600,1,1,12000000000,600000000.00,400000000.0,500000000,100000000,100000000,250000000,13950000000.00,12000000000,100000000,Illustrative annual AI package; excludes time reform and retained BAU expenditure
20000000,1200,0.25,0.5,3000000000.000,150000000.00000,100000000.000,500000000,100000000,100000000,250000000,4200000000.00000,24000000000,100000000,Illustrative annual AI package; excludes time reform and retained BAU expenditure
20000000,1200,0.25,0.75,4500000000.0000,225000000.000000,100000000.000,500000000,100000000,100000000,250000000,5775000000.000000,24000000000,100000000,Illustrative annual AI package; excludes time reform and retained BAU expenditure
20000000,1200,0.25,1.0,6000000000.000,300000000.00000,100000000.000,500000000,100000000,100000000,250000000,7350000000.00000,24000000000,100000000,Illustrative annual AI package; excludes time reform and retained BAU expenditure
20000000,1200,0.5,0.5,6000000000.00,300000000.0000,200000000.00,500000000,100000000,100000000,250000000,7450000000.0000,24000000000,100000000,Illustrative annual AI package; excludes time reform and retained BAU expenditure
20000000,1200,0.5,0.75,9000000000.000,450000000.00000,200000000.00,500000000,100000000,100000000,250000000,10600000000.00000,24000000000,100000000,Illustrative annual AI package; excludes time reform and retained BAU expenditure
20000000,1200,0.5,1.0,12000000000.00,600000000.0000,200000000.00,500000000,100000000,100000000,250000000,13750000000.0000,24000000000,100000000,Illustrative annual AI package; excludes time reform and retained BAU expenditure
20000000,1200,0.75,0.5,9000000000.000,450000000.00000,300000000.000,500000000,100000000,100000000,250000000,10700000000.00000,24000000000,100000000,Illustrative annual AI package; excludes time reform and retained BAU expenditure
20000000,1200,0.75,0.75,13500000000.0000,675000000.000000,300000000.000,500000000,100000000,100000000,250000000,15425000000.000000,24000000000,100000000,Illustrative annual AI package; excludes time reform and retained BAU expenditure
20000000,1200,0.75,1.0,18000000000.000,900000000.00000,300000000.000,500000000,100000000,100000000,250000000,20150000000.00000,24000000000,100000000,Illustrative annual AI package; excludes time reform and retained BAU expenditure
20000000,1200,1,1,24000000000,1200000000.00,400000000.0,500000000,100000000,100000000,250000000,26550000000.00,24000000000,100000000,Illustrative annual AI package; excludes time reform and retained BAU expenditure
20000000,2400,0.25,0.5,6000000000.000,300000000.00000,100000000.000,500000000,100000000,100000000,250000000,7350000000.00000,48000000000,100000000,Illustrative annual AI package; excludes time reform and retained BAU expenditure
20000000,2400,0.25,0.75,9000000000.0000,450000000.000000,100000000.000,500000000,100000000,100000000,250000000,10500000000.000000,48000000000,100000000,Illustrative annual AI package; excludes time reform and retained BAU expenditure
20000000,2400,0.25,1.0,12000000000.000,600000000.00000,100000000.000,500000000,100000000,100000000,250000000,13650000000.00000,48000000000,100000000,Illustrative annual AI package; excludes time reform and retained BAU expenditure
20000000,2400,0.5,0.5,12000000000.00,600000000.0000,200000000.00,500000000,100000000,100000000,250000000,13750000000.0000,48000000000,100000000,Illustrative annual AI package; excludes time reform and retained BAU expenditure
20000000,2400,0.5,0.75,18000000000.000,900000000.00000,200000000.00,500000000,100000000,100000000,250000000,20050000000.00000,48000000000,100000000,Illustrative annual AI package; excludes time reform and retained BAU expenditure
20000000,2400,0.5,1.0,24000000000.00,1200000000.0000,200000000.00,500000000,100000000,100000000,250000000,26350000000.0000,48000000000,100000000,Illustrative annual AI package; excludes time reform and retained BAU expenditure
20000000,2400,0.75,0.5,18000000000.000,900000000.00000,300000000.000,500000000,100000000,100000000,250000000,20150000000.00000,48000000000,100000000,Illustrative annual AI package; excludes time reform and retained BAU expenditure
20000000,2400,0.75,0.75,27000000000.0000,1350000000.000000,300000000.000,500000000,100000000,100000000,250000000,29600000000.000000,48000000000,100000000,Illustrative annual AI package; excludes time reform and retained BAU expenditure
20000000,2400,0.75,1.0,36000000000.000,1800000000.00000,300000000.000,500000000,100000000,100000000,250000000,39050000000.00000,48000000000,100000000,Illustrative annual AI package; excludes time reform and retained BAU expenditure
20000000,2400,1,1,48000000000,2400000000.00,400000000.0,500000000,100000000,100000000,250000000,51750000000.00,48000000000,100000000,Illustrative annual AI package; excludes time reform and retained BAU expenditure
22467512,600,0.25,0.5,1685063400.000,84253170.00000,112337560.000,500000000,100000000,100000000,250000000,2831654130.00000,13480507200,100000000,Illustrative annual AI package; excludes time reform and retained BAU expenditure
22467512,600,0.25,0.75,2527595100.0000,126379755.000000,112337560.000,500000000,100000000,100000000,250000000,3716312415.000000,13480507200,100000000,Illustrative annual AI package; excludes time reform and retained BAU expenditure
22467512,600,0.25,1.0,3370126800.000,168506340.00000,112337560.000,500000000,100000000,100000000,250000000,4600970700.00000,13480507200,100000000,Illustrative annual AI package; excludes time reform and retained BAU expenditure
22467512,600,0.5,0.5,3370126800.00,168506340.0000,224675120.00,500000000,100000000,100000000,250000000,4713308260.0000,13480507200,100000000,Illustrative annual AI package; excludes time reform and retained BAU expenditure
22467512,600,0.5,0.75,5055190200.000,252759510.00000,224675120.00,500000000,100000000,100000000,250000000,6482624830.00000,13480507200,100000000,Illustrative annual AI package; excludes time reform and retained BAU expenditure
22467512,600,0.5,1.0,6740253600.00,337012680.0000,224675120.00,500000000,100000000,100000000,250000000,8251941400.0000,13480507200,100000000,Illustrative annual AI package; excludes time reform and retained BAU expenditure
22467512,600,0.75,0.5,5055190200.000,252759510.00000,337012680.000,500000000,100000000,100000000,250000000,6594962390.00000,13480507200,100000000,Illustrative annual AI package; excludes time reform and retained BAU expenditure
22467512,600,0.75,0.75,7582785300.0000,379139265.000000,337012680.000,500000000,100000000,100000000,250000000,9248937245.000000,13480507200,100000000,Illustrative annual AI package; excludes time reform and retained BAU expenditure
22467512,600,0.75,1.0,10110380400.000,505519020.00000,337012680.000,500000000,100000000,100000000,250000000,11902912100.00000,13480507200,100000000,Illustrative annual AI package; excludes time reform and retained BAU expenditure
22467512,600,1,1,13480507200,674025360.00,449350240.0,500000000,100000000,100000000,250000000,15553882800.00,13480507200,100000000,Illustrative annual AI package; excludes time reform and retained BAU expenditure
22467512,1200,0.25,0.5,3370126800.000,168506340.00000,112337560.000,500000000,100000000,100000000,250000000,4600970700.00000,26961014400,100000000,Illustrative annual AI package; excludes time reform and retained BAU expenditure
22467512,1200,0.25,0.75,5055190200.0000,252759510.000000,112337560.000,500000000,100000000,100000000,250000000,6370287270.000000,26961014400,100000000,Illustrative annual AI package; excludes time reform and retained BAU expenditure
22467512,1200,0.25,1.0,6740253600.000,337012680.00000,112337560.000,500000000,100000000,100000000,250000000,8139603840.00000,26961014400,100000000,Illustrative annual AI package; excludes time reform and retained BAU expenditure
22467512,1200,0.5,0.5,6740253600.00,337012680.0000,224675120.00,500000000,100000000,100000000,250000000,8251941400.0000,26961014400,100000000,Illustrative annual AI package; excludes time reform and retained BAU expenditure
22467512,1200,0.5,0.75,10110380400.000,505519020.00000,224675120.00,500000000,100000000,100000000,250000000,11790574540.00000,26961014400,100000000,Illustrative annual AI package; excludes time reform and retained BAU expenditure
22467512,1200,0.5,1.0,13480507200.00,674025360.0000,224675120.00,500000000,100000000,100000000,250000000,15329207680.0000,26961014400,100000000,Illustrative annual AI package; excludes time reform and retained BAU expenditure
22467512,1200,0.75,0.5,10110380400.000,505519020.00000,337012680.000,500000000,100000000,100000000,250000000,11902912100.00000,26961014400,100000000,Illustrative annual AI package; excludes time reform and retained BAU expenditure
22467512,1200,0.75,0.75,15165570600.0000,758278530.000000,337012680.000,500000000,100000000,100000000,250000000,17210861810.000000,26961014400,100000000,Illustrative annual AI package; excludes time reform and retained BAU expenditure
22467512,1200,0.75,1.0,20220760800.000,1011038040.00000,337012680.000,500000000,100000000,100000000,250000000,22518811520.00000,26961014400,100000000,Illustrative annual AI package; excludes time reform and retained BAU expenditure
22467512,1200,1,1,26961014400,1348050720.00,449350240.0,500000000,100000000,100000000,250000000,29708415360.00,26961014400,100000000,Illustrative annual AI package; excludes time reform and retained BAU expenditure
22467512,2400,0.25,0.5,6740253600.000,337012680.00000,112337560.000,500000000,100000000,100000000,250000000,8139603840.00000,53922028800,100000000,Illustrative annual AI package; excludes time reform and retained BAU expenditure
22467512,2400,0.25,0.75,10110380400.0000,505519020.000000,112337560.000,500000000,100000000,100000000,250000000,11678236980.000000,53922028800,100000000,Illustrative annual AI package; excludes time reform and retained BAU expenditure
22467512,2400,0.25,1.0,13480507200.000,674025360.00000,112337560.000,500000000,100000000,100000000,250000000,15216870120.00000,53922028800,100000000,Illustrative annual AI package; excludes time reform and retained BAU expenditure
22467512,2400,0.5,0.5,13480507200.00,674025360.0000,224675120.00,500000000,100000000,100000000,250000000,15329207680.0000,53922028800,100000000,Illustrative annual AI package; excludes time reform and retained BAU expenditure
22467512,2400,0.5,0.75,20220760800.000,1011038040.00000,224675120.00,500000000,100000000,100000000,250000000,22406473960.00000,53922028800,100000000,Illustrative annual AI package; excludes time reform and retained BAU expenditure
22467512,2400,0.5,1.0,26961014400.00,1348050720.0000,224675120.00,500000000,100000000,100000000,250000000,29483740240.0000,53922028800,100000000,Illustrative annual AI package; excludes time reform and retained BAU expenditure
22467512,2400,0.75,0.5,20220760800.000,1011038040.00000,337012680.000,500000000,100000000,100000000,250000000,22518811520.00000,53922028800,100000000,Illustrative annual AI package; excludes time reform and retained BAU expenditure
22467512,2400,0.75,0.75,30331141200.0000,1516557060.000000,337012680.000,500000000,100000000,100000000,250000000,33134710940.000000,53922028800,100000000,Illustrative annual AI package; excludes time reform and retained BAU expenditure
22467512,2400,0.75,1.0,40441521600.000,2022076080.00000,337012680.000,500000000,100000000,100000000,250000000,43750610360.00000,53922028800,100000000,Illustrative annual AI package; excludes time reform and retained BAU expenditure
22467512,2400,1,1,53922028800,2696101440.00,449350240.0,500000000,100000000,100000000,250000000,58017480480.00,53922028800,100000000,Illustrative annual AI package; excludes time reform and retained BAU expenditure
